学校,院系,日期,时间,主讲,题目,摘要,链接,主讲人来源机构,院系,领域,是否直播,直播平台,直播链接,线上线下,与谈、评论,主持人,地点
复旦大学,哲学学院,2021/1/6,15:00,徐竹,知识辩护可以得自于非认识的根据吗？,理由空间中的知识必有其认识论意义（epistemological significance）上的根据，但它们却未必是得自于观察或推理的证据。在构成主义（constitutivism）那里，自我知识立足于高阶信念对意向态度的构成性作用；在担保理论（assurance theory）那里，证言知识的理由可以是对说话者所提供的担保的信任；在科学实践哲学（philosophy of scientific practice）中，科学知识正是基于实践规范性的理由才获得辩护。报告人将提出一种统合的解释：认识论意义的辩护可以仅仅得自于非认识的根据。对此的反驳之一是将其还原为证据性的辩护（evidential justification），其二是以认识论自然化纲领来化解非认识根据的特异性。报告将表明这两个反驳都不能成立。当代认识论中被重新激活了的实用主义脉络仍有着旺盛的生命力。,https://mp.weixin.qq.com/s/FOVROB8BW4CEe1uJ91_SOw,华东师范大学,哲学系,认识论,是,哔哩哔哩,https://live.bilibili.com/22326395,线下,王聚（复旦大学哲学学院）、张孟雯（上海财经大学马克思主义学院）、孙宁（复旦大学哲学学院）、刘闯（复旦大学哲学学院）、黄翔（复旦大学哲学学院）,王球（复旦大学哲学学院）,复旦大学光华楼西主2401
中山大学（珠海）,哲学系,2021/1/8,15:00,蔡祥元,经典诠释学何以可能——以文本诠释空间为视野,中国哲学有丰富的经典诠释实践，但要建构经典诠释学，必须有不同于西方方法论诠释学、本体诠释学的思想视野。文本的诠释空间是诠释学的核心问题，在西方诠释学传统中大致有神人距离、精神距离和时间距离等三种表现形态，分别构成圣经诠释学、方法论诠释学与哲学诠释学的基本视野。通过考察“言意之辨”的诠释学内涵，我们发现在中国的经典诠释传统中对文本的诠释空间可以有一种新的理解，那就是思想距离。思想距离能够克服精神距离可能导致的独断论困境，也比哲学诠释学的时间距离更为切中文本诠释现象的核心，还能更好地解释文本的开放性，可以构成经典诠释学的理论根基。,https://mp.weixin.qq.com/s/yP2i8fCt-vrllYX15HDzrw,山东大学,儒学高等研究院,中国哲学,否,,,线下,,邓联合（中山大学哲学系（珠海））,中山大学珠海校区海琴六号楼A486
复旦大学,哲学学院,2021/1/8,9:00,万百安,儒家伦理思想与美德伦理学,"Many contemporary Western philosophers interpret Confucianism as a form of virtue ethics. In my talk, I explain the four key questions of virtue ethics: what is it to live well? what virtues are needed to live well? how can we cultivate these virtues? what is human nature like so that it is possible to cultivate these virtues?  I also illustrate how Confucians provide distinctive and valuable answers to these four questions.",https://mp.weixin.qq.com/s/S24ja6GPVrYtcwPzixPMZA,瓦萨学院、武汉大学,,中国哲学,是,腾讯会议,117 964 319,线上,孙伟（北京市社会科学院哲学研究所）,东方朔（复旦大学哲学学院）,
复旦大学,哲学学院,2021/1/8,19:30,翁子健,观念与行动：前卫艺术在中国,在1980年代，改革开放给中国社会带来了对新知识的渴求，同时，出版事业逐步恢复正常，数量可观的高质量新书得以出版。对当时的大学生来说，阅读往往不限于与学习专业有关的范围，而是一种兴趣。这些新出版的书籍，也成为了八十年代艺术革新的重要资源。是次讲座将介绍1980年代的“读书热”，及知识和理论与早期中国当代艺术的关系。,https://mp.weixin.qq.com/s/JLmVyX6pOH3C0sEvRsHNnw,香港亚洲艺术文献库,,艺术哲学,是,哔哩哔哩,@OCAT上海馆,线上,,鲁明军（复旦大学哲学学院）,
武汉大学,哲学学院,2020/12/29,,王俊,空间的时代：一个现象学视野下的考察,,,浙江大学,,,,,,,,,
武汉大学,哲学学院,2021/1/7,9:30,程雅君,中医原创思维的哲学意蕴——兼论中医哲学之应用,,https://mp.weixin.qq.com/s/IHgc-MXK4Q5lslWxPwr8xA,苏州大学,政治与公共管理学院,中国哲学,否,,,线下,,吴根友,振华楼哲学学院B214
复旦大学,哲学学院,2021/1/11,15:00,段伟文,智能监测时代的价值淬火与可驭智慧,,https://mp.weixin.qq.com/s/IqyTHerSTMcNGb6vmQGJGA,中国社会科学院,哲学所科技哲学研究室,科技哲学,是,腾讯会议,118 421 145,线上,,王国豫,
复旦大学,哲学学院,2021/1/12,9:00,何艾克,荀子的语言哲学新探,本次讲座主要讨论《荀子》的语言哲学问题。在何艾克所编辑的《荀子哲学》一书中收录了Chris Fraser（方克涛教授）所著的一篇文章。该篇文章很透彻地讨论了《荀子》书中关于语言与逻辑的思想，尤其是“正名篇”的内容。而在本次讲座中，何艾克将对方克涛的分析提出异议，并给出对《荀子》语言观的不同诠释，同时指出“正名篇”中的理论并不能代表荀子语言思想之全貌，而更适合被作为一种特殊论述来看待。,https://mp.weixin.qq.com/s/Ke5Vt0v-ZXEZrfsbtTsyAg,美国犹他大学,哲学系,中国哲学,是,腾讯会议,422 772 927,线上,王楷（北京师范大学哲学学院）,东方朔（复旦大学哲学学院）,
中山大学,哲学系,2021/1/14,15:30,Jens Lemanski,近代逻辑中的波菲利树,,https://mp.weixin.qq.com/s/BsSQuAms4Nfpd4dlFV5LuA,德国哈根大学,哲学系,逻辑学,是,腾讯会议,382 440 199,线上,谢裕伟（中山大学哲学系博士后）,江璐（中山大学哲学系副教授）,
武汉大学,哲学学院,2021/1/14,15:30,冯琦,解析莱布尼兹之梦,我们将向听众介绍（1）大约350 年前少年莱布尼兹(Leibniz)之奇思妙想和抱负；（2）自1847 年到1936 年这90 年里西方逻辑学界围绕着莱布尼兹的奇想和抱负所展开的探索和研究，其中包括布尔(Boole)、康托(Cantor)、弗瑞格(Frege)、皮阿罗（Peano）、策墨珞(Zermelo)、罗素(Russsell)、希尔伯特(Hilbert)、哥德尔(Goedel)、丘吉(Church)、图灵(Turing)等人围绕解释和实现莱布尼兹之奇想和抱负这一主线所展开的探索和研究的主要工作。从中，我们将会看到形式和内涵的对立统一，以及在人类的思维发展过程之中，寻求系统、准确、充分表达丰富思想内涵的简洁有效的形式是一件多么深刻、多么艰巨和多么基础的任务，而数学，尤其是数理逻辑，作为体现人类思维最精华的一门学科，又是怎样在发挥着典范的作用。（3）这些基础性问题的解答对我们今天的日常生活乃至人类文明所产生的巨大而深远的影响。,https://mp.weixin.qq.com/s/C1n3EmYI0ln-2rs8aqEN2Q,中国科学院,数学与系统科学研究院,逻辑学,是,腾讯会议,534 910 815,线上,,,
武汉大学,哲学学院,2021/1/14,19:30,Matthias Baaz,Kurt Godel and Alfred Tarski: The Extremes of Logic,"In this lecture commemorating the birth of Alfred Tarski and the death of Kurt Gödel, we will compare the eminent founders of modern logic: Kurt Gödel and Alfred Tarski.
Kurt Gödel has been driven by the the possibility that the individual thinking might transgress its own limits. The solutions of mathematical problems are the models, not the aims of his thinking. He strongly believed in the simplicity of all solutions maybe beyond language. Therefore he chose very carefully the next generation scientists with whom he communicated (basically Georg Kreisel, Gaisi Takeuti and Hao Wang).

Alfred Tarski on the other hand grew up in the logical traditions of Poland. He considered logic as a mathematical subject based on a mathematical language, which is very able to contribute to mathematics as algebra, topology etc. He emphasized the formal semanticalrelations as entailment, satisfaction and truth. He educated many students and influenced not only logic and mathematics but also formal linguistics by his thorough mathematical rigor.",https://mp.weixin.qq.com/s/cRYiD5m0ve_WojUMmbNtsw,Vienna University of Technology,,逻辑学,是,Zoom,627 9053 8435,线上,,Yong Cheng,
中山大学（珠海）,哲学系,2020/9/25,19:00,许家瑜,以“化”为中心的庄子哲学,许多学者都注意到“化”是庄子哲学的核心概念，但长期以来学界却未能对此做出全面系统的研究。本讲座将从五个方面解析庄子以“化”为中心的哲学思想：1）形名与物化；2）自我与化；3）道与化；4）气与化；5）言与化。,https://mp.weixin.qq.com/s/UOr24AlgReoAyJILS2iB5g,芝加哥大学,博士后,中国哲学,是,腾讯会议,,线上,王玉彬（山西大学哲学社会学学院副教授）,邓联合（中山大学哲学系（珠海））,
中山大学（珠海）,哲学系,2020/10/9,14:30,鞠实儿,当代AI发展背景下的科学哲学与科学技术史研究,在当前AI的进展下，莫拉维克悖论得到拓展，为AI的发展提出新的问题。本报告将指出：科学哲学和科学技术史研究为解决这类问题提供一种途径。,https://mp.weixin.qq.com/s/UOr24AlgReoAyJILS2iB5g,中山大学,哲学系,科技哲学,否,,,线下,,陈建洪（中山大学哲学系（珠海）教授）,中山大学珠海校区伍舜德学术交流中心二楼学术报告厅
中山大学（珠海）,哲学系,2020/10/9,14:30,陈少明,走进“经典世界”,“经典世界”是一个理解经典文化的概念。它有别于以概念范畴为中心的思想世界，而以人事物为观察的对象；也有别于以经验为基础的历史世界，而是着眼于载入经典系统的故事或传说。经典世界中的事物具有不受原型制约的生命力，它是人从历史进入“历史”的基本途径，同时也是塑造其社会价值取向的文化力量。报告试图论述这个概念的形成、内容及知识功能。,https://mp.weixin.qq.com/s/UOr24AlgReoAyJILS2iB5g,中山大学,哲学系,中国哲学,否,,,线下,,陈建洪（中山大学哲学系（珠海）教授）,中山大学珠海校区伍舜德学术交流中心二楼学术报告厅
中山大学（珠海）,哲学系,2020/10/9,14:30,钱捷,中国哲学“察异求同”走向世界,对于中国哲学走向世界的一点感想，亦即回答这样几个相关联的问题：何谓“中国哲学”？如何发展当代中国哲学？如何理解当代中国哲学发展的逻辑必然性？,https://mp.weixin.qq.com/s/UOr24AlgReoAyJILS2iB5g,中山大学（珠海）,哲学系,中国哲学,否,,,线下,,陈建洪（中山大学哲学系（珠海）教授）,中山大学珠海校区伍舜德学术交流中心二楼学术报告厅
中山大学（珠海）,哲学系,2020/10/23,19:00,李若晖,真与名——《论六家要旨》之名家分析,在“名实相符”的名义下，名家实质上构建了两种截然不同的“真”：一是“名”与现实之“物”的相符，这也是通常认为的“名实相符”；另一则是将“名”本身作为一“物”，将“真”理解为“名”与“名作为物”自身相符，这是名家独特的理解。司马谈通过将经验还原入概念之内，将名学改造为“合经验性命题”。这固然使名学能够顺利指导政治实践，却彻底摧毁了名学的灵魂，仅仅留下工具性的框架和躯壳,https://mp.weixin.qq.com/s/UOr24AlgReoAyJILS2iB5g,中国人民大学,国学院杰出学者特聘教授,中国哲学,否,,,线下,袁青（中山大学哲学系（珠海）副教授）,邓联合（中山大学哲学系（珠海））,海琴6号楼哲学系486会议室
中山大学（珠海）,哲学系,2020/10/30,16:00,温海明,周易之“意”,本讲座介绍《周易明意》的新解，主要是意本论和卦变说，对历代易学的推进，以及如何基于经典推进比较哲学的研究。,https://mp.weixin.qq.com/s/UOr24AlgReoAyJILS2iB5g,中国人民大学,哲学学院,中国哲学,否,,,线下,,王堃（中山大学哲学系（珠海）副教授）,海琴6号楼哲学系486会议室
中山大学（珠海）,哲学系,2020/11/2,9:00,孙向晨,生生与存在：中西哲学的本体论差异,本讲座将围绕“生生”与“存在”这两个中西哲学的核心概念，以阐明中西哲学在本体论层面的差异。,https://mp.weixin.qq.com/s/UOr24AlgReoAyJILS2iB5g,复旦大学,哲学学院,中国哲学,否,,,线下,,陈建洪（中山大学哲学系（珠海）教授）,海琴6号楼哲学系486会议室
中山大学（珠海）,哲学系,2020/11/3,15:00,Daniel Bell,贤能政治与人民,贤能政治——选贤与能的理想——是一种衡量政治进步的合理标准。如果政治体制表达了贤能政治的理想，那么就会获得人民信任。在西方，柏拉图的《理想国》是对贤能政治的有力辩护，但是从那之后这一理想就从西方政治话语中逐渐消失。现在的西方，存在着对选举制度的教条式共识。在中国，贤能政治的理想仍旧是政治文化的重要部分，而且我们可以用贤能政治的标准来评价政治进步。 ,https://mp.weixin.qq.com/s/UOr24AlgReoAyJILS2iB5g,山东大学,政治学与公共管理学院教授,政治哲学,否,,,线下,,陈建洪（中山大学哲学系（珠海）教授）,海琴6号楼哲学系486会议室
中山大学（珠海）,哲学系,2020/11/3,15:00,汪沛,贤能政治与人民,,https://mp.weixin.qq.com/s/UOr24AlgReoAyJILS2iB5g,复旦大学,中国研究院助理研究员,政治哲学,否,,,线下,,陈建洪（中山大学哲学系（珠海）教授）,海琴6号楼哲学系486会议室
中山大学（珠海）,哲学系,2020/11/6,16:10,冯俊,20世纪法国哲学的发展路径,20世纪法国哲学蓬勃发展，对法国思想意识形态和主流价值观的形成、自然科学和社会科学的发展、乃至文化时尚、社会风气都产生了很大的影响。尤其是到了20世纪下半叶，法国哲学独领风骚，成为西方哲学潮流的引领者。纵观20世纪法国哲学的发展，可以说有着四条重要发展路径，它们是理性主义和科学主义，非理性主义和宗教哲学，社会政治哲学和马克思主义传统，现象学运动和后现代主义哲学，虽然对这四条重要发展路径的考察并不能穷尽法国哲学的丰富性和多样性，但是了解这四条路径对于我们把握20世纪法国哲学的特点和发展规律是很有帮助的。,https://mp.weixin.qq.com/s/UOr24AlgReoAyJILS2iB5g,中国人民大学,,外国哲学,否,,,线下,,陈建洪（中山大学哲学系（珠海）教授）,海琴6号楼哲学系486会议室
中山大学（珠海）,哲学系,2020/11/6,14:30,江怡,如何以分析的方法讲述西方哲学史,如何讲述西方哲学史，始终存在各种不同的方法。无论是哲学史家的哲学史还是哲学家的哲学史，都必然隐含着不同的哲学史观。不同的哲学史观决定了不同的哲学史。从辩证的唯物史观出发，分析的方法尝试摆脱以往的思辨重建，依据对哲学文本的逻辑分析，梳理西方哲学家们的思想轨迹，由此确立哲学史的科学地位。本讲座将主要围绕以下问题展开：思想与领域、理论与描述、历史与想象、事实与解释、文本与论证。本讲座将要论证，以分析的方法讲述哲学史，就是哲学史研究的基本内容，也是哲学研究的重要组成部分。,https://mp.weixin.qq.com/s/UOr24AlgReoAyJILS2iB5g,山西大学,,外国哲学,否,,,线下,,陈建洪（中山大学哲学系（珠海）教授）,海琴6号楼哲学系486会议室
中山大学（珠海）,哲学系,2020/11/7,9:00,尚杰,危险的增补性：卢梭与德里达,德里达的“解构”思想，在他的《论文字学》关于卢梭作品的解读过程中，有清晰有趣的表达。“危险的增补性”在卢梭那里，是疏远与异化现象的另一种表达方式，而在德里达看来，它表达的不是思辨哲学的“否定”，而是与解构或者“延异”的思想，有着密切的关联性，从中发展出一种增补性的逻辑，它早于存在，早于一切形而上学二元对立的在场概念。一切事物都是以有别于自身的方式出场的，其中经历着不同于存在的差异，它也是尼采“永恒轮回”现象的真相：同一就是重复，重复就是差异，这个差异的过程，德里达称之为“解构”或者“延异”。,https://mp.weixin.qq.com/s/UOr24AlgReoAyJILS2iB5g,中国社会科学院,哲学所研究员,外国哲学,否,,,线下,,陈建洪（中山大学哲学系（珠海）教授）,海琴6号楼哲学系486会议室
中山大学（珠海）,哲学系,2020/11/20,15:00,景海峰,经学与经学史,经学既包括围绕经典所展开的各种整理和训释工作，也涉及到对这些文本所蕴含的思想义理的诠解与发挥；既有以文字、音韵、训诂等小学工夫为内容的学问形式，也有问道求理的形而上的致思趋向。作为训诂与义理并存的大系统，新的经学建构首先要冲破“以小学为经学”的狭窄观念和“以经学史为经学”的无奈之举，将经学放到中国文化历史的宏阔视野中来理解，由经典诠释入手阐明其意义，将之从纯粹材料化的身份中解放出来。,https://mp.weixin.qq.com/s/UOr24AlgReoAyJILS2iB5g,深圳大学,国学院,中国哲学,否,,,线下,,秦际明,海琴6号楼哲学系486会议室
中山大学（珠海）,哲学系,2020/11/20,15:00,赵涛，邹晓东,学术期刊编辑眼中的“学术佳作”,本讲座主要面向文史哲各专业的青年教师和研究生。两位主讲人将结合自己多年的编辑工作经验，从学术论文的选题、立意、语言、思考进路、逻辑架构以及文献运用等方面，介绍一篇“学术佳作”的构成要素和写作要点。,https://mp.weixin.qq.com/s/UOr24AlgReoAyJILS2iB5g,《江海学刊》，《文史哲》,副总编，编辑,,否,,,线下,,邓联合（中山大学哲学系（珠海））,海琴6号楼哲学系458会议室
中山大学（珠海）,哲学系,2020/11/29,15:00,陈德中,魅力型与合理化的历史二元性,在韦伯的正当性三种类型中，“魅力型”因其明显的人格化特征，被认为是与现代生活不相合拍的落后形态。然而在人类合群关系中，魅力型具有非反思的素朴性和行动的直接性，“传统型”与“法理型”则只是魅力型模式理智化、合理化与形式化、自主化之结果。魅力型表现为追随者对魅力型人物行为的相信与承认。“基于信念的正当性”是人类合群关系之母，魅力型则是人类生活方式形成的动力源泉。魅力型与合理化既是一种对峙关系，也是一种互返互补关系。这样一种二元性特征具有特别重大的历史意义，它构成了韦伯“比较历史社会学”时期“历史-哲学观”的核心。,https://mp.weixin.qq.com/s/UOr24AlgReoAyJILS2iB5g,中国社会科学院,哲学所研究员,政治哲学,否,,,线下,,陈建洪（中山大学哲学系（珠海）教授）,海琴6号楼哲学系486会议室
中山大学（珠海）,哲学系,2020/12/3,15:00,方珏,如何重新理解偶然性？——全球新冠肺炎疫情引发的历史唯物主义思考,全球新冠疫情给人类生活带来的挑战和变化，我们生活在经济和生态偶然性事件紧密交织的时代。历史唯物主义在自身的历史化中，为人们转换固有的思维模式以应对现实生活中的偶然性和不确定性提供了思想资源。马克思的《博士论文》提供了原初的理论起点，他在其中所阐明的非决定论唯物主义不仅强调了历史行动者的可能性，也为当代国外马克思主义哲学的发展开辟了空间。,https://mp.weixin.qq.com/s/UOr24AlgReoAyJILS2iB5g,中山大学,马克思主义学院副教授,马克思主义哲学,否,,,线下,,秦际明（中山大学哲学系（珠海）副教授）,海琴6号楼哲学系486会议室
中山大学（珠海）,哲学系,2020/12/4,10:00,Roger T. Ames,Confucian Philosophy: Where does it begin?,黑格尔在他《哲学全书逻辑学》（也称《小逻辑》）的导言中详尽地思考了一个问题：哲学从哪里开始？探究从哪里出发？在这种遐想中，他得出结论，因为哲学“没有一个在其他科学的意义上的起点，”因此必须这样认为：“哲学的起点仅与决定做哲学的主体有关。” 对于黑格尔本人而言，这种做哲学的终极计划是使这个人 --这个有限的精神，这个单一的理智，这个哲学家 --作为纯粹思想的对象来与上帝认同。像儒家思想一样，黑格尔认为，人不是一个既成事实，而是一项成就，一项如果没有人类社群结构便无法实现的成就。对于黑格尔而言，把腿作为一个抽象事实没有给予步行公正的对待。,https://mp.weixin.qq.com/s/UOr24AlgReoAyJILS2iB5g,北京大学,哲学系,中国哲学,否,,,线上,Jun-Hyeok KWAK（中山大学哲学系（珠海）教授）,,
中山大学（珠海）,哲学系,2020/12/4,11:00,居飞,从拉康的“结构”到易经,拉康借助结构主义语言学的进展，在符号主义立场上重新表述了精神分析的基本经验。这一有先验倾向的结构性视角不仅使得精神分析远离了症状学与诊断学上所常见的描述性视角，以及心理经验意义上的表象论及经验论视角，同时还为文化比较工作提供了一个新的可能，亦即绕过经验的繁杂而基于某些形式化范畴来开展文化比较工作，如涉及到俄狄浦斯情结的“太一”、“无穷”。,https://mp.weixin.qq.com/s/UOr24AlgReoAyJILS2iB5g,同济大学,人文学院副教授,外国哲学,否,,,线下,,卢毅（中山大学哲学系（珠海）副教授）,海琴6号楼哲学系486会议室
中山大学（珠海）,哲学系,2020/12/4,16:30,关群德，卢明静,学术翻译漫谈,学术翻译和出版对于我国学术的繁荣和发展是很重要的一个环节。就西方哲学、社会科学的翻译来说，经过近现代多年的翻译实践，我国的学术翻译已经取得了很多成就。这其中有很多可总结之处。商务印书馆作为国内最重要的学术出版机构，在学术翻译方面积累了比较多的经验。本讲座结合商务印书馆编辑出版工作中的各种案例，来探讨如何更好地进行学术翻译。,https://mp.weixin.qq.com/s/UOr24AlgReoAyJILS2iB5g,商务印书馆,编审,,否,,,线下,,卢毅（中山大学哲学系（珠海）副教授）,海琴6号楼哲学系486会议室
中山大学（珠海）,哲学系,2020/12/7,10:00,王路,什么是形而上学？,形而上学是西方哲学的核心内容，实质是一种关于认识的先验研究。它核心的问题乃是“是什么”，因而与真相关。由此“是”与“真”构成了形而上学的核心问题。这样一种研究与通常流行的加字哲学，比如中国哲学，形成根本的区别。,https://mp.weixin.qq.com/s/UOr24AlgReoAyJILS2iB5g,郑州大学,哲学学院,外国哲学,否,,,线下,,王轶（中山大学哲学系（珠海）副教授）,海琴6号楼哲学系486会议室
中山大学（珠海）,哲学系,2020/12/18,15:30,马迎辉,现象学与心理分析交叉研究中的若干基本问题,现象学与心理分析思潮同根同源。近年来，胡塞尔研究界开始聚焦两者的关系问题。但在具体的研究和讨论的过程中，学界在现象学何以能发现弗洛伊德意义上的无意识、意识与无意识的关系、本质直观和自由联想的相似性与差异、本能和本欲（或驱力）的发生机制等问题上多有争论。本讲座将围绕这些基本问题展开讨论。,https://mp.weixin.qq.com/s/UOr24AlgReoAyJILS2iB5g,浙江大学,哲学系,外国哲学,否,,,线下,,罗志达（中山大学哲学系（珠海）副教授）,海琴6号楼哲学系486会议室
中山大学（珠海）,哲学系,2020/12/21,10:00,廖备水,人工智能逻辑的发展与趋势,在传统人工智能的发展过程中哲学和逻辑学发挥着重要的基础性作用。在新一代人工智能的背景下，这种作用也应当如此。但在大数据驱动的机器学习占据主流的情况下，如何发挥这种作用，是一个新的富有挑战性的研究课题。介绍面向开放、动态环境信息的非单调推理形式体系（包括经典非单调逻辑和形式论辩）基本概念和研究进展，并分析基于这些推理理论的人工智能重要推理模型（因果推理、知识图谱推理、规范与价值推理）的发展趋势。,https://mp.weixin.qq.com/s/UOr24AlgReoAyJILS2iB5g,浙江大学,,逻辑学,否,,,线下,,王轶（中山大学哲学系（珠海）副教授）,海琴6号楼哲学系486会议室
中山大学（珠海）,哲学系,2020/12/25,10:00,蔡文菁,被给予性与明证性：一个胡塞尔的进路,一些研究者认为，胡塞尔现象学因其基础主义的特征而会陷入塞拉斯所批判的“所予的神话”。本文试图驳斥这一对胡塞尔思想的解读，指出胡塞尔既不是“强基础主义者”，也并不主张“温和的基础主义”（moderate foundationalism）。通过对胡塞尔“明见”(Evidenz)概念的辨析，本文旨在指出胡塞尔现象学所呈现的与基础主义不同的心灵-世界关系。,https://mp.weixin.qq.com/s/UOr24AlgReoAyJILS2iB5g,上海交通大学,哲学系,外国哲学,否,Zoom,,线上,,罗志达（中山大学哲学系（珠海）副教授）,
中山大学（珠海）,哲学系,2021/1/19,9:00,刘纪璐 ,荀子的品德伦理学如何应用于机器人伦理学的建构,"荀子的伦理方案是建立在他对人性的预设上：人在本性上就是以利益为思考中心的小人：「人之生固小人，無師無法則唯利之見耳」《荀子.荣辱》。人出于血气之属，天性必偏爱己亲：「凡生天地之间者，有血气之属必有知，有知之属莫不爱其类… 有血气之属莫知于人，故人之于其亲也，至死无穷」《荀子.礼论》。人生而好利疾恶：「今人之性，飢而欲飽，寒而欲煖，勞而欲休，此人之情性也」《荀子.性惡》。人又致力于追求感官之享受：「目好色，耳好聽，口好味，心好利，骨體膚理好愉佚」《荀子.性惡》。同时，荀子假借舜之口批评人的品德不贞：「妻子具而孝衰于亲，嗜欲得而信衰于友，爵禄盈而忠衰于君」，是以「人情甚不美」《荀子.性惡》。总结来说，人的自然情欲「偏险悖乱」，是以为「恶」。在他对人性的这种体会之下，荀子的伦理方案强调礼义之治，师法之教，环境之影响，学习之重要。这些就是荀子所定义的「伪」：「可学而能，可事而成之在人者，谓之伪。」《荀子.性惡》。荀子对人类的伦理方案是一种重视理性思虑，群体规划的伦理愿景。
在不久的未来我们或许可以看到有自主行动的机器人进入人类的伦理社区中。机器人跟人类不同的基本之处是前者完全是「伪」的成品。在构造材质上，机器人不属于血气之类，不会偏爱其亲，没有感官之嗜欲，不会以私利私欲争夺逞强，更不会有人情之种种不美。在适当的设计之下，机器人可以成为荀子心目中的「君子」。荀子的伦理方案如何应用于机器人的伦理草案呢？
跟功利主义以及康德义务论的规范伦理学不同的是，品德伦理学(virtue ethics)对机器人伦理设计的走向不是由上到下(top-down)，设立普遍道德原则让机器人遵守的模式，而是一种混合式(hybrid)，以机器学习(machine learning)的模式讓機器人逐渐建立一些行为的模型。本文的主题是如果以荀子的品德伦理学来建构机器人伦理，就必会是一种着重理性规范，以及强调群体结构的伦理方案。在这个基础上来考量机器人的伦理设计，我们可以运用荀子提出的几个必要品德：恭敬、谨顺、诚信、礼义，以及在智能设计上的知理与无蔽。以荀子的理念设计的机器人在人类社会中会扮演服务的角色，遵从人类社会的阶层架构，而学习模仿有德君子在不同情境下的行为。这种伦理方案设计出来的机器人當然不会是圣人、明君，但也绝对不会成为暴徒、恐怖分子。这样的机器人应当可以融入人类的社会规范，而得到人类的信任。一篇文章。该篇文章很透彻地讨论了《荀子》书中关于语言与逻辑的思想，尤其是“正名篇”的内容。而在本次讲座中，何艾克将对方克涛的分析提出异议，并给出对《荀子》语言观的不同诠释，同时指出“正名篇”中的理论并不能代表荀子语言思想之全貌，而更适合被作为一种特殊论述来看待。",https://mp.weixin.qq.com/s/CEk5hKe8_j1y-7eUvBbTag,美国加州州立大学富乐敦分校,哲学系,中国哲学,是,腾讯会议,551 474 938,线上,刘旻娇（上海财经大学人文学院）,东方朔（复旦大学哲学学院）,
中山大学（珠海）,哲学系,2020/1/8,16:00,Gil-Sung Park,土著权利的哲学基础,本讲持“全球”和“地方”并不必然互斥的观点。确实存在来自全球的，同构性结构变化，和持续加增的民族国家同质化趋势的压力，但是，这些变化也因地方性的过滤，呈现各样的混合形式。国家身份也变得更加复杂，远非“全球-地方”式的非此即彼。这是一个全球因素和地方因素不断交互或斡旋的过程。,https://mp.weixin.qq.com/s/jZ46jbblHL21B4ybN4uKdQ,韩国大学,哲学系,政治哲学,否,,,线下,Jun-Hyeok KWAK（中山大学哲学系（珠海）教授）,,中山大学珠海校区滨海红楼13栋106
中山大学（珠海）,哲学系,2020/1/13,9:30,郑开,论中国哲学的自然概念及其理论,“自然的发现”是哲学突破的重要标尺。自老子以来道家哲学特别重视对自然的阐发与深化，形成独具特色的理论脉络。其中至关重要的枢纽就是在自然（有的最高形式）与无（无物、无名、无为等）之间的张力中把握自然概念及其理论。实际上，道家哲学自然概念及其理论深刻影响了包括儒家在内的中国哲学的思想趣向，并以此区别于欧洲自古希腊发现Physis以来的自然思想，区别于包括佛学在内的印度。,,北京大学,哲学系,中国哲学,否,,,线下,袁青（中山大学哲学系（珠海）副教授）,邓联合（中山大学哲学系（珠海））,中山大学珠海校区滨海红楼13栋106
中山大学（珠海）,哲学系,2020/7/9,19:00,任蜜林,现代学术视野下的谶纬学研究及其未来走向,谶纬之学是起源于先秦、形成于西汉末年、定型于东汉初年的一种独特的学术形态。但现代学术意义上的谶纬学研究则是1900年以后的事情了。本讲座主要回顾一百多年来谶纬学研究所取得的成绩及其不足，并在此基础上对未来的谶纬学研究提出展望。,,中国社会科学院,哲学研究所研究员,中国哲学,否,腾讯会议,,线上,成祖明（南京大学历史学院）,邓联合（中山大学哲学系（珠海））,
中山大学（珠海）,哲学系,2020/7/14,15:00,宋洪兵,法家学说如何进入现代思想,法家在战国以来两千多年的中国历史上，其命运可谓一波三折，而在近代，法家又重获思想界的青睐，开始以正面姿态登上历史舞台。回顾历史，为何危急时刻，中国人总会下意识地想起法家？章太炎、梁启超、严复、陈启天、常燕生、林语堂、熊十力、郭沫若、萧公权等分别从不同的角度，为法家进入现代思想提供了相应的理论路径。本讲座将对这一问题展开梳理和讨论。,,中国人民大学,国学院,中国哲学,否,腾讯会议,,线上,王威威（中国政法大学人文学院）,邓联合（中山大学哲学系（珠海））,
中山大学（珠海）,哲学系,2020/7/16,19:00,朱人求,东亚朱子学研究的新视野,近年来，东亚朱子学研究在方法论方面正在积极寻求新的突破，“脉络性的转换”方法、多重文本分析方法、诠释学方法、比较哲学方法、话语分析方法等较为新颖的研究方法逐渐引起学界关注。这些新的研究方法对于未来朱子学研究的走向和突破性成果的取得具有重大的指导意义。本讲座将对东亚朱子学研究的新动态进行梳理和解析。,,厦门大学,哲学系,中国哲学,否,腾讯会议,,线上,翟奎凤（山东大学儒学高等研究院）,邓联合（中山大学哲学系（珠海））,
中山大学（珠海）,哲学系,2020/7/18,15:00,邓辉,船山研究的历史回顾与反省,,,上海师范大学,哲学与法政学院,中国哲学,否,腾讯会议,,线上,谷维明（同济大学人文学院）,邓联合（中山大学哲学系（珠海））,
中山大学（珠海）,哲学系,2021/1/20,18:00,李哲罕,马克思之后的德国政治和社会危机,,,浙江大学,哲学系,马克思主义哲学,否,,,线下,刘召峰（马克思主义学院教授），付文军（马克思主义学院副教授）,包大为（马克思主义学院）,浙江大学马克思主义学院107室
中山大学（珠海）,哲学系,2020/1/21,16:00,Lev D. Beklemishev,Reflection Algebras and Progressions,"Reflection principles are axioms expressing that all sentences (of a given logical complexity) provable in a given theoryTare true. The simplest example of such an axiom is Goedel’s formula expressing the consistency ofT. The idea of using reflection principles and their transfinite iterations to classify arithmetical sentences according to strength is due to A. Turing (1939). However, Turing also realized that there are serious difficulties associated with this approach, in particular, due to the lack of understanding how to distinguish ‘canonical’ from ‘pathological’ ordinal notation systems, now a well-known problem in proof theory. The aim of the talk is to outline the main ingredients of the approach to proof theoretic analysis based on reflection algebras. From an abstract algebraic point of view, these structures are semi-lattices enriched by a family of monotone unary operators satisfying some specific sets of identities. The operators can be interpreted in the lattice of arithmetical theories as functions mapping a theoryTto a theory axiomatized by a reflection principle forT. Within this framework it is possible to define appropriate canonical ordinal notation systems and the associated transfinite hierarchies of reflection principles. Hence, it is also possible, to some extent, to push Turing’s ideas on the classification of arithmetical sentences through.",,俄罗斯科学院,Stelov数学所,逻辑学,是,Zoom,683 7699 3624,线上,,Cheng Yong（武汉大学哲学系）,
浙江大学,哲学系,2021/3/12,16:00,廖备水,非单调推理与形式化论辩,,https://mp.weixin.qq.com/s/mbig4R2xHNpIA1kt_uUg5g,浙江大学,哲学系,逻辑学,是,腾讯会议,871 824 217,线上,,,
武汉大学,哲学学院,2021/3/14,14:30,文贤庆,源于自由意志的规范性,"在人们日常实践生活中，规范性要求无处不在。然而，这种规范性要求来源于哪里？如果我们相信规范性来源的问题是为了说明一个东西或一种考虑是如何为人的行为要求提供合法的权威或为人的行为提供了一个实践理由，那么，任何一种有关人类行为的规范性来源的说明都应该首先关联于人的自我意识和人的自由进行说明。正是在这个意义上，意志主义者强调规范性来源于作为行为主体的人的意愿能力，凸显了人的自我意识和自由，凸显了人通过自我意识和自由呈现价值和意义的过程。
那么，意志主义者是如何在人的自我意识和自由中呈现价值和意义？又是如何给出规范性来源的呢？基于这些问题，我们尝试通过分析科斯嘉的构成主义和张美璐的混合意志主义对意志主义有关规范性问题的回答进行梳理，从而捍卫拥有自由意志的行为主体是规范性的来源。然而，基于道德的社会性，我们有理由相信任何对规范性来源的说明都必须把源于自由意志的规范性置于一种依赖关系中，这种依赖关系表明源于自由意志的规范性受限于我们是受欲求限制的有限理性存在者和我们是受他人与世界限制的关系依赖存在者的自然事实。",https://mp.weixin.qq.com/s/H8wxU3e1bzc_qZxXtDkMRQ,湖南师范大学,哲学系,外国哲学,否,,,线下,陶文佳（湖北大学）、叶金州（华中科技大学）、阮航（湖北大学）、罗鑫（中南财经政法大学）、陈晓旭（武汉大学）、葛四友（武汉大学）、李勇（武汉大学）、潘磊（武汉大学）,陈江进（武汉大学）,武汉大学振华楼B214
中国人民大学,哲学院,2021/3/16,18:00,刘玮,"自足的人为什么需要朋友？
亚里士多德论完美的友爱",,https://mp.weixin.qq.com/s/1rC8l5_ouUpZAbH3t_L7mg,中国人民大学,哲学院,外国哲学,是,腾讯会议,654 258 077,线下,,田洁（中国人民大学哲学院）,国学院228
中山大学,哲学系,2021/3/16,15:00,尹树广,哲學、實踐和主體——實踐哲學的理論反思,,https://mp.weixin.qq.com/s/-ktFsIHGmTFdU1_SJ2Szyg,华南师范大学,哲学系,马克思主义哲学,否,,,线下,马天俊,徐长福,中山大学哲学系 锡昌堂420课室
武汉大学,哲学学院,2021/3/8,14:30,程雅君,武汉大学第八届国际交叉学科论坛哲学学院分论坛——第一场：《本草纲目》药理学的哲学渊源,摘要：李时珍《本草纲目》的药理学以法象药理为主，实验药理为辅，主要有三个哲学渊源：朱子的格物穷理理论，张载、王廷相的气本论和认识论，邵雍的象数之学。李时珍在格物穷理思想的指导下，用气本论与象数之学构建、充实了肇始于金元的法象药理，这也是《本草纲目》的主要药理学。《本草纲目》注重实验药理，其认识论渊源于张载、王廷相的“见、行、思”相联系的思想。在《本草纲目》中，非主流的实验药理对主流的法象药理有自我纠错的作用，是法象药理的有力补充。,https://mp.weixin.qq.com/s/BdAs_0uUlagGS5bmhIzbRA,苏州大学,,中国哲学,否,,,线下,,,振华楼B214报告厅
浙江大学,哲学系,2021/3/19,14:00,何欢欢,理解佛学从“缘起性空”开始,,https://mp.weixin.qq.com/s/PN9zASJTNnN-unbwdX1Jzg,浙江大学,哲学系,宗教学,否,,,线下,王志成,陈越骅,浙江大学紫金港校区人文大楼308室
武汉大学,哲学学院,2021/3/22,14:30,李建华,名家讲座第26讲：关于道德空间的几个理论问题,,https://mp.weixin.qq.com/s/stH-dcdWcUH6fB362AB0AA,浙江师范大学,马克思主义学院特聘教授,马克思主义哲学,否,,,线下,,李佃来（武汉大学哲学学院）,武汉大学振华楼B214报告厅
中山大学,哲学系,2021/3/22,15:00,何怀宏,政治、人文与乡土——当代儒学前景的一点思考,何怀宏，北京大学哲学系教授，主要从事伦理学及人生哲学、社会与文明历史等领域的研究。重要学术著作有《良心论》《世袭社会》《选举社会》《底线伦理》《道德•上帝与人》《生命与自由》《公平的正义》《生生大德》《新纲常》《正义：历史的与现实的》《转型中国的社会伦理》（英文）等。另有哲学随笔、文集《若有所思》《心怀生命》《比天空更广阔的》《中国的忧伤》《渐行渐远渐无书》《独立知识分子》《一苇杭之》《念兹在兹》《活下去，但是要记住》《人类还有未来吗》等。编有《西方公民不服从的传统》《生态伦理》《平等二十讲》《自由二十讲》《域外文化读本》等。译著主要有《正义论》（合译）、诺齐克《无政府，国家与乌托邦》《沉思录》《道德箴言录》《伦理学导论》《伦理学体系》（合译）等。,https://mp.weixin.qq.com/s/jdBog1HXfDFyVlAhLtFcmQ,北京大学,哲学系,中国哲学,否,,,线下,,陈立胜（中山大学哲学系教授）,中山大学哲学系锡昌堂515室
兰州大学,哲学社会学院,2021/3/20,15:00,毕文胜,“何谓知识？—从苏格拉底到波普尔的考察”,何谓知识问题构成西方哲学发展中的一个主要问题。在古希腊，从苏格拉底到亚里士多德，奠定了以普遍必然性为本质特征的传统知识观的基础；近代对这一传统知识观的捍卫交织着经验论与唯理论之间的证立与怀疑的斗争，最后完成于康德依然独断性的先天主体性的批判中；当代的分析哲学与现象学在各自反对心里主义的斗争中，共同维护着人类千年来的永久梦想——对普遍必然的本质的探索与执着。,https://mp.weixin.qq.com/s/wJb7-B6C83T8fgl4R-aTgA,云南师范大学,哲学系,外国哲学,否,,,线下,,,榆中校区第二教学楼A211
同济大学,哲学系,2021/3/25,9:30,倪梁康,性格现象学的问题与可能,普凡德尔的性格学研究是否可以被称作“性格现象学”？名称问题当然只是次要的问题，在这里主要是关系并取决于首要的方法问题，即普凡德尔他的性格研究和性格分析中使用的手段是否属于现象学的方法。这里可以给出一个初步的回答：如果意识现象学的方法由两方面构成：作为超越论还原的反思和作为本质还原的本质直观，那么普凡德尔的性格学研究基础部分毫无疑问首先是描述心理学意义上的“性格现象学”，接下来才可能是他所说的“性格价值论”和“性格法理学”。而且他的性格学也有别于实验心理学和心理分析及其实验观察方式，因为普凡德尔的性格研究主要是在对本己主体的反思和对他人主体的同感理解中进行的。,https://mp.weixin.qq.com/s/iAG3D9ldX6niPhw-RGORkA,浙江大学,哲学系,外国哲学,否,,,线下,,,德文图书馆
北京大学,外国哲学研究所,2021/3/26,19:00,张伟（张任之）,”试金石“与”指南针“——德国启蒙时代的”理性“,"“理性”被视为启蒙时代的最重要特征。启蒙哲学家们大多都对理性有所阐发。然而，究竟如何理解“理性”？启蒙哲学家们却有着不尽一致的理解。深入到德国启蒙哲学的背景中去，人们可以发现，对“常识理性”的诉诸，是当时代哲学家们最重要的共识，而康德藉对“常识理性”的批判和检讨，展开了他的批判哲学，也构成了德国启蒙的自我反思。厘清“常识理性”与“启蒙理性”（“批判理性”）的关系，成为德国启蒙哲学的核心议题。
康德本人将“常识理性”喻为“试金石”（Probirstein），将“启蒙理性”称为“指南针”（Kompaß），这在根本上何谓？康德与其他启蒙哲学家的关系如何？以及，康德对于整个德国启蒙的贡献何在？",https://mp.weixin.qq.com/s/QQii9MoMcX3P8fJLeoyTVg,中山大学,哲学系,外国哲学,是,腾讯会议,524 714 752,线上,,韩水法,https://meeting.tencent.com/l/WAWeS96yKDQS
武汉大学,哲学学院,2021/3/23,16:00,Anton Freund,Well ordering principles and a uniform Kruskal theorem,"Well ordering principles are statements of the form ``F(X) is a well order for any well order X"", where F is a transformation of linear orders (usually computable). They connect several areas of mathematical logic, notably ordinal analysis, computability theory and reverse mathematics. In this talk, I introduce the area and present recent work with Michael Rathjen and Andreas Weiermann (arXiv:2001.06380): We have investigated the astonishing meta-mathematical properties of a uniform Kruskal theorem, which extends the original theorem from trees to general recursive data types.",https://mp.weixin.qq.com/s/x6tw-lNHbcs78bj7XUrp8A,TU Darmstadt,Logic Group,外国哲学,是,Zoom,678 2616 2829,线上,,Yue Yang（新加坡国立大学）,
中山大学（珠海）,哲学系,2021/3/26,15:00,叶树勋,“南溟中国哲学讲堂”第二十九讲:行动与责任——老子哲学中“为”的问题及其思想展开,老子的思想主张容易给人消极避事、不切人伦的印象，这在很大程度上源于作为其思想标签的“无为”。以往已有不少研究者着力澄清“无为”的所指，这为进一步考察其情实提供了条件。问题的要害之处在于，“无为”是老子在“为”（行动）的问题上进行多方思考之后所下结论的一个部分，当关注点从作为部分结论的“无为”转向作为问题本身的“为”之时，那些蕴含在“无为”标签下的老子关于人事行为问题的种种独特思考，将会陆续涌现出来。,https://mp.weixin.qq.com/s/rAF_6om9f-1kkpr4qRiU3Q,南开大学,哲学院,中国哲学,否,,,线下,,邓联合（中山大学哲学系（珠海））,中山大学珠海校区海琴六号哲学系（珠海）A631会议室
中山大学,哲学系,2021/3/24,19:00,方向红,为何“长女”“寡发”“多白眼”——对《周易》分类方法的现象学考察与反思,《说卦传》云，巽为长女，为寡发，为多白眼。难道说“长女”“寡发”“多白眼”属于同一类别？！这是一种怎样的分类模式？背后依托的是什么样的思维方式？本讲座运用现象学的方法，重新激活远古的分类经验并对上述问题作出另类回答。,https://mp.weixin.qq.com/s/Z7ijMDnqBdPA39qmCNp_xw,中山大学,哲学系,中国哲学,否,,,线下,,陈少明（中山大学哲学系）,锡昌堂801室
中山大学,哲学系,2021/3/17,19:00,陈立胜,王阳明四民异业同道新解——兼论《节庵方公墓表》一段罕为人知的因缘,,,中山大学,哲学系,中国哲学,否,,,线下,,陈少明（中山大学哲学系）,锡昌堂801室
浙江大学,哲学系,2021/3/24,18:30,隋红升,"男性气质的人类学研究
——以大卫·吉尔默的《发明男性气概》为例",在男性气质研究领域，人类学以其对民间文化扎实的田野调查而做出了重大贡献。其中，大卫·吉尔默的文化人类学著作Manhood in the Making 更是男性气质研究领域所无法绕过的，该作借助雄厚的人类学资料，审视男性气质在全球范围内存在的文化基础和表现形态。中国学界对该作尚没有给予足够重视。不过值得欣慰的是，该作今年二月在浙江大学出版社以《发明男性气概》为名出版。此书在各界强调提升中国男孩子阳刚之气之际出版可谓正逢其时。本讲座将以此书为对象，探究文化人类学家男性气质研究的人文视野。,https://mp.weixin.qq.com/s/qXVPeTKu2SVPtlynqYZsDQ,浙江大学,外国语学院,外国哲学,否,,,线下,,李哲罕,浙江大学紫金港校区人文大楼613室
上海交通大学,哲学系,2021/3/24,18:30,张伟（张任之）,人工智能会忸怩吗？,在中西思想传统中，忸怩都是一种极为特殊且有趣的情感。人们往往将之视为人类经验结构中的本质要素，或者说构成人之为人的根本，“无羞恶之心，非人也”。当前人工智能已经发展到非常高的程度，但人工智能会忸怩吗？忸怩可以成为人与人工智能的本质区别吗？,https://mp.weixin.qq.com/s/mGTCuN7P4SdnbV5fKx7mcQ,中山大学,哲学系,外国哲学,否,,,线下,,陈嘉明,陈瑞球楼121教室
中山大学,哲学系,2021/3/29,9:00,阎孟伟,从实践哲学的两个维度看马克思实践哲学与黑格尔实践哲学的根本区别,,https://mp.weixin.qq.com/s/nWvFH5sfhx4LcOapN5FfCw,南开大学,马克思主义学院,马克思主义哲学,否,,,线下,马万东（南方医科大学副教授）,徐长福（中山大学教授）,中山大学哲学系 锡昌堂420教室
,,2021/4/3,8:00,董平,王阳明究竟说了什么？,历史上，王阳明是个神奇人物，他的心学既产生了广泛而深远的社会影响，也曾受到严厉的学术批评。近年来，阳明心学再次成为一大显学，唤起学术界以及社会各界的浓厚兴趣。作为一种意义完整的哲学体系，阳明心学并非常识，但确乎对人的现实生活具有实践上的指导意义。本次讲座将讨论阳明心学的基本内容和逻辑建构，侧重解读大家耳熟能详的“心即理”、“知行合一”、“致良知”等问题，以更进一步了解阳明心学的精妙之处。,https://mp.weixin.qq.com/s/V4XD2YJO5quwUbyNHleFqA,浙江大学,哲学系,中国哲学,是,Zoom,823 9101 4439,线上,,洪朝辉（美国福坦莫大学历史学教授）,
武汉大学,哲学学院,2021/3/28,14:30,王晓升,阿多诺对海德格尔存在论的批判及其启示,,https://mp.weixin.qq.com/s/9LeDXfwBDBxU2TbLN2MuUQ,华中科技大学,哲学系,马克思主义哲学,否,,,线下,赵凯荣（武汉大学哲学学院教授）、赵士发（武汉大学哲学学院教授）,,武汉大学历史学院中庭二会议室
武汉大学,哲学学院,2021/3/28,14:30,夏莹,德勒兹眼中的马克思,,https://mp.weixin.qq.com/s/9LeDXfwBDBxU2TbLN2MuUQ,清华大学,哲学系,马克思主义哲学,否,,,线下,赵凯荣（武汉大学哲学学院教授）、赵士发（武汉大学哲学学院教授）,,武汉大学历史学院中庭二会议室
武汉大学,哲学学院,2021/3/28,14:30,蓝江,数字资本主义的研究与未来,,https://mp.weixin.qq.com/s/9LeDXfwBDBxU2TbLN2MuUQ,南京大学,哲学系,马克思主义哲学,否,,,线下,赵凯荣（武汉大学哲学学院教授）、赵士发（武汉大学哲学学院教授）,,武汉大学历史学院中庭二会议室
武汉大学,哲学学院,2021/3/27,19:00,薛广洲,马克思主义哲学中国化的理论阐释,,https://mp.weixin.qq.com/s/8ndLD7KvUafU9uni_FGsJw,中共中央党校,,马克思主义哲学,否,,,线下,,赵士发,武汉大学哲学学院振华楼B107
中山大学,哲学系,2021/3/29,15:00,王南湜,“剧场隐喻”中被忽视的“第三者”：马克思社会科学建构之关窍,王南湜，1953年生，陕西凤翔人，南开大学哲学院教授、博士生导师。主要研究领域为当代马克思主义哲学，近年来主要关注重新理解马克思主义哲学与德国古典哲学的关系，以及中国哲学的现代重建等问题。撰有专著《人类活动论导引》、《从领域合一到领域分离》、《社会哲学》、《复调文化时代的来临》、《后主体性哲学的视域》、《追寻哲学的精神》、《辩证法：从理论逻辑到实践智慧》、《中国哲学精神重建之路》等十余种，另发表学术论文百余篇。著作曾获国家和省部级多项奖励。,https://mp.weixin.qq.com/s/LanfAARS2M6TFDrN6M_hkA,南开大学,,马克思主义哲学,否,,,线下,,马天俊（中山大学）,锡昌堂420室
中山大学,哲学系,2021/3/29,10:00,丁耘,《论语·学而》新释,丁耘，复旦大学哲学学院教授，博士生导师。主要研究领域为现象学、德国哲学、古希腊哲学、比较哲学及政治思想史。近期研究重点为形而上学传统的会通。著有《道体学引论》、《儒家与启蒙》等。译有海德格尔《现象学之基本问题》。曾获上海市优秀青年教师、复旦大学十佳教师、复旦大学通识教育首届年度教师等荣誉。,https://mp.weixin.qq.com/s/1u4HuGKS-C8ssuSU_c6XFg,复旦大学,哲学学院,中国哲学,否,,,线下,,陈少明（中山大学哲学系）,中山大学哲学系锡昌堂515室
西安交大,哲学系,2021/3/27,9:00,丁四新,作为中国哲学关键词的“性”概念的生成及其早期论域的开展,“性”概念是在天命论和宇宙生成论的思想背景下产生出来的，它联系着“天命”和“生命体”的双方。其一，“性”概念的提出，是为了追问生命体之所以如此及在其自身之本原的问题。它是一在己的、内在的且潜在的本原和质体。其二，“性”来源于“天命”，是“天命”的下落和转化，而人物禀受于己身之中。“天命”与“性”虽有位格的不同，但其实体并无二致。其三，在“天生百物，人为贵”的命题中，古人很早即认识到，人物在其天赋之“性”中已禀受了区别彼此的类本质。孟子进一步辨明此义，认为人性不同于禽兽之性，故曰人性善。其四，“性”概念正式形成于春秋末期，而将“性”同时理解为“天命”的下降、转化和赋予，这很可能是孔子的思想贡献。其五，性命论、心性论、性情论、人性善恶论和人性修养论是“性”概念的相关论域，它们产生很早。其六，郭店简《性自命出》建立了一个由天、命、性、情、心、道、教和仁、义、礼、乐等概念组成的思想系统，其意义十分重大。其七，不同的“人性”概念会影响诸子对于人性善恶的判断及其修养方法的提出。人性善恶的辩论几乎贯穿于春秋末期以来中国古代思想史。其八，子思子的“尽性”说和孟子的“尽心”说是先秦人性修养论的精华。,https://mp.weixin.qq.com/s/kCqh1Ku8tg5fZBQ1zruAyw,清华大学,哲学系,中国哲学,是,腾讯会议,461 693 8178,线上,,龚建平,
中山大学,哲学系,2021/3/26,15:30,吴晓明,唯物史观与辩证法,吴晓明，复旦大学哲学学院教授、博士生导师。兼任国务院学科评议组（哲学）成员，教育部教学指导委员会副主任委员，上海市哲学会会长等职。研究专长为马克思主义哲学史、科学哲学和比较哲学。目前特别致力于研究马克思哲学的当代意义和本体论问题。,https://mp.weixin.qq.com/s/s9bVM0IJBb1a8nxHbsOydA,复旦大学,哲学学院,马克思主义哲学,否,,,线下,,李萍（中山大学教授）,中山大学哲学系 锡昌堂515室
中山大学,哲学系,2021/3/26,9:00,樊和平,信息方式与伦理世界,樊和平，笔名樊浩。国家重大人才工程入选者；东南大学教授，东南大学学术委员会副主任，人文社会科学学部主任；北京大学世界伦理学中心副主任，资深研究员；英国牛津大学高级访问学者，伦敦国王学院访问教授。1992年被破格晋升为教授，成为当时全国最年轻的哲学伦理学教授。国家高层次人才特殊支持计划入选者；教育部社会科学委员会哲学学部委员；教育部哲学教学指导委员会副主任：中宣部“四个一批”人才暨“全国文化名家”。主要研究领域为伦理学，兼修精神哲学、法哲学、文化学等。出版个人独立专著14部，合著多部。在《中国社会科学》等独立发表论文280多篇，主要代表作为独立专著“中国伦理精神三部曲”和“道德形而上学三部曲”。,https://mp.weixin.qq.com/s/tRWKNquFQK0Tv1vOjZM4NQ,东南大学,,伦理学,否,,,线下,,朱刚（中山大学教授）,中山大学哲学系锡昌堂515室
北京师范大学,哲学学院,2021/3/28,16:00,陈小平,AI推理：30年沉寂，孕育着新生,,https://mp.weixin.qq.com/s/ubD6Kh3Bn9cDqZxMgPq0Dg,中科大,计算机学院,逻辑学,是,腾讯会议,702 585 715,线下,,,前主楼A803室
中山大学,哲学系,2021/3/25,15:30,段忠桥,马克思对洛克财产权理论的定性与继承,,https://mp.weixin.qq.com/s/x9AFjh5L_q8pTcWKLm986Q,中国人民大学,哲学院,马克思主义哲学,否,,,线下,龙霞（副教授）,钟明华（教授）,中山大学哲学系 锡昌堂420课室
厦门大学,哲学系,2021/3/31,9:35,府建明,从论学到经学——魏晋般若学的矛盾与展开,本讲座通过对般若中观学的历史梳理，分析了般若学从义学形态向经学形态的转变过程。,https://mp.weixin.qq.com/s/0Dnw48LHChKuXct6u_5Lnw,南京师范大学,历史系,中国哲学,否,,,线下,,黄永锋,南光一一楼会议室
厦门大学,哲学系,2021/3/31,15:30,管国兴,《远游》的哲学解读,《远游》蕴含了“进德修业”的哲学思想，进德要主忠信，修业要为万世后代立诚。《远游》告诉我们，在人生修行中，要注重内心修炼，游外弘内，执两用中，找寻本体之乐，以达适性逍遥。由《远游》可见，屈原是一个明体达用的哲人。,https://mp.weixin.qq.com/s/nSLLQz6EeUx8cZMXADXu6g,厦门大学,人文学院兼职教授,中国哲学,否,,,线下,,黄永锋,南光一一楼会议室
中山大学,哲学系,2021/3/31,19:00,马天俊,《资本论》的二元世界观,《资本论》学说不是哲学，但预设世界观，而且是二元的：变形论[原子论]强调不能无中生有，化身论[道成肉身]却正是无中生有。二者在哲学上势不两立，尽管在实践上可能水乳交融。就此而言，从《资本论》不能萃取出融贯的哲学。《资本论》是后哲学的，作者的思想也是后哲学的。推求个中缘故，则需探讨前哲学的世界观、哲学、后哲学的新世界观，重勘哲学与实践的关系。,https://mp.weixin.qq.com/s/dKvNvNskNaxIRzXoMkh76g,中山大学,哲学系,马克思主义哲学,否,,,线下,,陈少明（中山大学哲学系）,锡昌堂801室
武汉大学,哲学学院,2021/3/30,9:30,李义天,现代美德伦理学的行动理论：误解与回应,,https://mp.weixin.qq.com/s/SFSvvDqagm3Ku4OZs9fhtA,清华大学,,伦理学,否,,,线下,陈江进，葛四友，李勇,李佃来（武汉大学哲学学院）,武汉大学振华楼哲学学院B214
武汉大学,哲学学院,2021/3/31,18:30,邹元江,“游艺·致美”系列美育讲座——汤显祖笔下杜丽娘的生存场域,,https://mp.weixin.qq.com/s/OI6mz6I11fCamFBsf_Sauw,武汉大学,哲学学院,美学,否,,,线下,,,会议室107
厦门大学,哲学系,2021/3/30,9:00,罗骞,自由概念在马克思思想中的位置,本次讲座将结合马克思主义理论和实践中对自由概念及其地位的误解，揭示自由概念在马克思思想发展和理论逻辑中的核心位置，从理论上指认将人的全面自由发展作为根本宗旨的马克思主义是对现代自由理论的扬弃而不是否定。,https://mp.weixin.qq.com/s/5_7QmqMAMJu1XMD__6HLCg,中国人民大学,哲学院,马克思主义哲学,否,,,线下,,杨松,联兴楼101
上海交通大学,哲学系,2021/3/31,15:00,陈嘉映,认识自我,,https://mp.weixin.qq.com/s/TAP8clJ1RFDZnWzriBfIfw,首都师范大学,哲学系,外国哲学,否,,,线下,,陈嘉明,闵行校区东中院1-109室
厦门大学,哲学系,2021/4/7,9:00,廖晓华,科学的精神，审美的态度,,https://mp.weixin.qq.com/s/vYrkY8hltDSYfrVAf35_KQ,新华网浙江分公司总经理,,,否,,,线下,,,南光一101会议室
厦门大学,哲学系,2021/4/7,9:00,秦晓林,央企企业文化的哲学思考,,https://mp.weixin.qq.com/s/Fwrh9BJ_nibJXo7B4WHSNg,中国电建集团江西装备有限公司党委副书记,,,否,,,线下,,,南光一101会议室
中国人民大学,哲学院,2021/4/6,14:00,辛鸣,问题意识：自觉与反思——以制度哲学研究为例,主讲人简介：辛鸣，哲学博士，理论经济学博士后，中共中央党校马克思主义学院教授。致力于以哲学视角研究党的理论创新与中国道路的战略创新，主要研究领域为制度哲学、政党政治和社会发展战略。出版学术著作《制度论：关于制度哲学的理论建构》、《道理：中国道路中国说》、《中国道路的哲学自觉》等7部，主编《中南海议题》、《日新：领导干部看中国》、《十九大后党政干部关注的重大理论与现实问题解读》等著作25部。,https://mp.weixin.qq.com/s/A1xi0mf8Q6dULOmedn987w,中共中央党校,马克思主义学院,马克思主义哲学,否,,,线下,,臧峰宇,国学馆226
厦门大学,哲学系,2021/4/7,9:00,丁四新,灵根遍植凭精进——我的哲学学习与研究之路漫谈,丁四新，男，清华大学哲学系教授，教育部长江学者特聘教授，曾任武汉大学二级教授。1993年厦门大学哲学系本科毕业，1999年武汉大学哲学系博士研究生毕业。现兼任中国周易学会副会长、北京市哲学会副会长、老子学会副会长等。主要研究中国哲学与儒家经学，出版《郭店楚墓竹简思想研究》《郭店楚竹书〈老子〉校注》《楚竹书与汉帛书〈周易〉研究》《先秦哲学探索》《周易溯源与早期易学考论》《中国哲学通史·秦汉卷》等八部著作，多次荣获省部级优秀学术成果。,https://mp.weixin.qq.com/s/hvf1k5cxSVeaQ_eZti-XEg,清华大学,哲学系,,否,,,线下,,,南光一101会议室
厦门大学,哲学系,2021/4/7,9:00,谢维和,我的哲学“红利”,谢维和，江西人，厦门大学哲学系本科毕业，哲学学士；厦门大学与南京大学哲学系毕业，哲学硕士；中国社会科学院毕业，哲学博士；清华大学资深教授，曾担任北京师范大学副校长，首都师范大学党委书记，清华大学副校长、教育研究院院长；现兼任国家教育科学规划领导小组成员，中国教育学会副会长，中国高等教育学会学术委员会副主任、教育部高等学校本科教育学专业教学指导委员会主任，等职；主要研究领域包括：教育学原理、教育社会学和高等教育等。出版学术著作十余本，发表学术论文百余篇。,https://mp.weixin.qq.com/s/c_EgVMfdbnehcSNEVHkXiw,清华大学,,,否,,,线下,,,南光一101会议室
中国人民大学,哲学院,2021/4/6,18:00,张文良,日本宗教与当代政治,张文良，中国人民大学哲学院教授、佛教与宗教学理论研究所副所长、博士生导师，兼任日本印度哲学佛教学会评议员。曾在日本东京大学、创价大学、武藏野大学、国际日本文化研究中心、韩国东国大学、金刚大学做访问学者。,https://mp.weixin.qq.com/s/5CVoxZ0FnxvWV5Ch-260rg,中国人民大学,哲学院,宗教学,是,腾讯会议,642 441 346,线下,,张雪松,国学馆228
厦门大学,哲学系,2021/4/7,15:00,贺来,如何理解马克思哲学的“哲学维度”,马克思哲学的“哲学维度”，是一个需要重新反思的前提性问题。马克思是现代哲学发展中最早提出“非哲学”主张的思想家，如何理解其“非哲学”的主张？如何在其“非哲学”的主张中理解其哲学的维度？其哲学维度的基本表现和内容是什么？等等，都需要我们做出正面的回答和阐释。,https://mp.weixin.qq.com/s/hco0eqmqSENNRg0ecMxx0g,吉林大学,哲学社会学院,马克思主义哲学,否,,,线下,,朱菁,联兴楼101
中山大学（珠海）,哲学系,2021/4/2,15:00,萧雁、唐薇,最传统•最先锋——昆曲与东方审美,,https://mp.weixin.qq.com/s/Q8i7rasdBImBulIV0dLkaA,,,,否,,,线下,,邓联合（中山大学哲学系（珠海））,中山大学珠海校区海琴六号C103报告厅
厦门大学,哲学系,2021/4/7,15:00,鞠实儿,论普遍性知识的存在性,所谓普遍知识是指：全人类不同社会文化群体共享的、在任何时间和地点都合理的（即放之四海而皆准的）关于周边世界（社会和自然环境）的概念、信念和看法系统；它包括处理社会群体内外关系的手段；把握自然环境、解决问题和验证信息的方法，以及产生、应用和传播上述系统、手段和方法的流程。根据普遍知识定义，它存在于各不同文化之中（普遍性寓于特殊性之中）。本文试图表明满足上述定义要求的普遍知识是不存在的。,https://mp.weixin.qq.com/s/4TcUHjgtNPWDBBEmDDUImQ,中山大学,哲学系,逻辑学,否,,,线下,,申祖胜,南光一 320
中山大学,哲学系,2021/4/7,19:00,李巍,从类比看人性——理解儒家的一个视角,儒家对人性的讨论，不是诉诸抽象的理论语言，而是直观的类比。其中，相关于结构、运动和声音的类比，揭示了人性作为自然本能的意义；关于生长、制作与培育的类比，揭示了人性作为行动条件的意义。因此将儒家的人性学说称为“人性论”，主要来自研究者对理论语言的偏好，却未必能对儒家论性的思想提供切实说明。,https://mp.weixin.qq.com/s/o0H2ackQduggHyt11qkLQw,中山大学,哲学系,中国哲学,否,,,线下,,陈少明（中山大学哲学系）,锡昌堂801室
华侨大学,哲学系,2021/4/6,19:00,丁四新,早期《老子》文本及其文义 、思想的变化,,https://mp.weixin.qq.com/s/0cnG9XzEDdavFu3NcvBXqw,清华大学,哲学系,中国哲学,否,,,线下,,薛子燕,厦门校区F1-401
南京大学,哲学系,2021/4/5,20:00,高洁,实践侵入知识论辨析,传统的知识论纯粹论认为认识概念，尤其是知识、确证、认识理性等规范性认识概念与行动或实践相独立。而新近的实践侵入论则认为确证、知识与行动或实践之间存在着极其紧密的联系，甚至主张诸如行动风险之类的实践因素是确证和知识等规范性认识概念的构成条件之一。实践侵入知识论自21世纪初开始兴起，经过十多年的发展，已逐渐扩展到对知识和确证以外的其他认识概念和认知状态与实践之间关系的研究。本次报告将主要介绍实践侵入知识论中最核心也是最富争议的主张——知识实践侵入论，并对实践侵入知识论的其他可能研究方向做以展望。,https://mp.weixin.qq.com/s/3Av5q2GXV1PrBrjgOAupsg,浙江大学,哲学系,外国哲学,是,腾讯会议,944 116 378,线上,,,
浙江大学,哲学系,2021/4/9,19:00,梅谦立,哲学意义上的创造论——晚明《寰有诠》与阿奎那,“创造”是一个在西方基督教文明中至关重要，却为东方世界所陌生的概念。晚明时期，随着耶稣会士来华，他们也尝试将“创造”概念引进中国，由此发生文化冲突和交流。在这个进程中，葡萄牙耶稣会士傅汎际（Francisco Furtado）与中国基督徒李之藻（1571 - 1630）撰写《寰有诠》（1628年）第一卷基于阿奎那的思想，从形上学角度阐发哲学意义上的创造论，成功树立了一个思想的高峰。一方面，《寰有诠》系统介绍了“五路”，并着重关注其中蕴含的上帝存在与世界存在之关系；另一方面，《寰有诠》通过多种论证有力地证成了上帝“从虚无中创造”，且其创造绝对自由、不需任何先决条件的道理。,https://mp.weixin.qq.com/s/eSvvvDpBWFEPr4Ez2W97XQ,中山大学,哲学系,宗教学,否,,,线下,杨杰（浙江大学博士）、余君芷（浙江大学博士）,陈越骅（浙江大学教授）,紫金港校区人文大楼305室,
浙江大学,哲学系,2021/4/9,15:00,马迎辉,唯识古学中的心识与心性,傅新毅，南京大学哲学系教授，兼任《中华大藏经（汉文部分）·续编》副主编，东方唯识学研究会理事等，主要研究领域为佛教哲学与文献，特别是唯识学、阿毗达磨与因明学研究。,https://mp.weixin.qq.com/s/6HajyZzUJEePl9wuNFFKOA,南京大学,哲学系,宗教学,否,,,线下,,马迎辉（浙江大学哲学系）,浙江大学人文大楼613室,
武汉大学,哲学学院,2021/4/9,15:00,冯琦,“实在、存在、抽象表示”——逻辑与哲学系列讲座,,https://mp.weixin.qq.com/s/9VH2tB-bAZ_XKJnji544qg,中科院,数学与系统科学研究院,逻辑学,否,,,线下,,喻良（南京大学教授）,振华楼B107,
武汉大学,哲学学院,2021/4/9,14:30,张会永,康德与“应当意味着能够”——哲学工作坊,,https://mp.weixin.qq.com/s/k2ajLT8MOR2wCiXyA14Apw,厦门大学,哲学系,伦理学,否,,,线下,阮航（湖北大学）、黄妍（湖北大学）、叶金州（华中科技大学）、罗鑫（中南财经政法大学）、王成军（中南财经政法大学）、潘磊（武汉大学）、李勇（武汉大学）、陈晓旭（武汉大学）、杨云飞（武汉大学）,葛四友（武汉大学）,武汉大学历史学院中庭二会议室,
中国人民大学,哲学院,2021/4/13,18:00,罗骞,能在论与建构性意识的兴起,"罗骞,男,贵州安龙人,中国人民大学哲学院教授,博士生导师,牛津大学政治学与国际关系系访问学者,中国人民大学“青年杰出人文学者”。主要研究领域为马克思主义哲学、国外马克思主义和政治哲学,出版学术著作《论马克思的现代性批判及其当代意义》(2007年)《面对存在与超越实存——历史唯物主义的当代阐释》(2014年)《走向建构性政治——历史唯物主义视野中的后现代政治哲学研究》(2014年)《告别思辨本体论——历史唯物主义的存在范畴》(2014年)《超越与自由——能在论的社会历史现象学》(2019)《现代性的存在论批判》（《论马克思的现代性批判及其当代意义》再版，2019)《迎候马克思》（2019)。",https://mp.weixin.qq.com/s/yMXAD5zcTtUm7WS9k96Yaw,中国人民大学,哲学院,外国哲学,是,腾讯会议,235 391 910,线下,,陈世珍,国学馆228,
中山大学,哲学系,2021/4/9,14:30,赵汀阳,智慧民主,赵汀阳，中国社会科学院学部委员，中国社会科学院哲学研究所研究员。欧洲跨文化研究 欧洲跨文化研究院学术常委（Steering member of Transcultura InstitutEuropean）；美国博古睿研究院资深研究员（Senior fellow of Berggruen Institute）。著有《论可能生活》、《天下体系》、《第一哲学的支点》、《坏世界研究》、《天下的当代性》、《惠此中国》、《四种分叉》、《历史·山水·渔樵》等。外文著作：Alles unter dem himmel (德国)；Tianxia tout sous un meme ciel (法国)；Redefining a philosophy for world governance (英国)；All-under-heaven：the Tianxiasystem for a possible world order (美国)；Un dieu ou tous les dieux (法国，与A. Le Pichon 合著)；Du ciel ala terre (法国，与R. Debray 合著)。,https://mp.weixin.qq.com/s/8BrRvahwozpK3EsSdElT5g,中国社会学院,哲学研究所研究员,政治哲学,否,,,线下,,陈少明（中山大学哲学系）,中山大学哲学系锡昌堂515室,
中山大学,哲学系,2021/4/9,10:00,李忠伟,意义与对象——胡塞尔是弗雷格主义者吗？,,https://mp.weixin.qq.com/s/v2B2W2CH0WvP63oLCdSELA,浙江大学,哲学系,外国哲学,否,,,线下,,朱刚（中山大学教授）,中山大学哲学系锡昌堂515室,
中山大学（珠海）,哲学系,2021/4/8,15:30,李忠伟,模态知识与想象的限制,"讲座内容：模态知识指对模态命题的知识，如对“意识必然是意向性的”，“有可能完全相同的物理状态却不对应相同的意识状态”这样的命题的知识。Chalmers, Williamson等认为想象能够证成模态命题。但是，关于想象是否以及如何真能提供模态认知所需的证据，有两个困难：1.像维特根斯坦、O’Shaughnessy等认为，想象过于自由和狂野，不受限制，因此不能循规蹈矩地追踪现实与真理。这样也自然不能追踪事物可能和必然的状态。2.想象有时又似乎太过于受限，以至于有些人错把想象的匮乏与无力，当做是必然性的标志。本报告综合一些思想资源，来阐明：想象和其它心智能力，如回忆、感知那样，都是自然的认知品种，它也可以被方法论地驯化，让其为实在和必然性所限制，也能通过经验、训练加以赋能，提升想象力，让其以至于能用于提供模态认知所需的证据。",https://mp.weixin.qq.com/s/qGgrzqQfoujl728xtbhDfA,浙江大学,哲学系,外国哲学,否,,,线下,,罗志达（中山大学哲学系（珠海）副教授）,中山大学珠海校区海琴六号哲学系（珠海）A486会议室,
